{
  "project_info": {
    "project_number": "446667009928",
    "firebase_url": "https://mod-bussid-2-58e85.firebaseio.com",
    "project_id": "mod-bussid-2-58e85",
    "storage_bucket": "mod-bussid-2-58e85.appspot.com"
  },
  "client": [
    {
      "client_info": {
        "mobilesdk_app_id": "1:446667009928:android:13cf8d49caa269f796943d",
        "android_client_info": {
          "package_name": "com.modbussid.terbaru"
        }
      },
      "oauth_client": [
        {
          "client_id": "446667009928-h9tcapbolthloeitovgjjagq92n1is6u.apps.googleusercontent.com",
          "client_type": 1,
          "android_info": {
            "package_name": "com.modbussid.terbaru",
            "certificate_hash": "0d902799b52a6f02fbeaed29c24f3a3cfa0fb218"
          }
        },
        {
          "client_id": "446667009928-cvf1v08qpc6qr0dob1tj07dltljbfb93.apps.googleusercontent.com",
          "client_type": 3
        }
      ],
      "api_key": [
        {
          "current_key": "AIzaSyBnwcMKdKzRc_2efPNzlghOgGQnRPFVklE"
        }
      ],
      "services": {
        "appinvite_service": {
          "other_platform_oauth_client": [
            {
              "client_id": "446667009928-cvf1v08qpc6qr0dob1tj07dltljbfb93.apps.googleusercontent.com",
              "client_type": 3
            }
          ]
        }
      }
    }
  ],
  "configuration_version": "1"
}